Date,Confirmed,Deaths,Recovered,Active,New Cases,Deaths / 100 Cases,Recovered / 100 Cases,Deaths / 100 Recovered,No. of Countries
2020-01-23,655,18,32,605,99,2.75,4.89,56.25,8
2020-01-24,941,26,39,876,288,2.76,4.14,66.67,9
2020-01-25,1434,42,42,1350,495,2.93,2.93,100.0,11
2020-01-26,2118,56,56,2006,684,2.64,2.64,100.0,13
2020-01-27,2927,82,65,2780,809,2.8,2.22,126.15,16
2020-01-28,5578,131,108,5339,2653,2.35,1.94,121.3,16
2020-01-29,6167,133,127,5907,589,2.16,2.06,104.72,18
2020-01-30,8235,171,145,7919,2071,2.08,1.76,117.93,20
2020-01-31,9927,213,225,9489,1692,2.15,2.27,94.67,23
2020-02-01,12038,259,287,11492,2111,2.15,2.38,90.24,25
2020-02-02,16787,362,476,15949,4749,2.16,2.84,76.05,25
2020-02-03,19887,426,627,18834,3100,2.14,3.15,67.94,25
2020-02-04,23898,492,857,22549,4011,2.06,3.59,57.41,26
2020-02-05,27643,564,1130,25949,3745,2.04,4.09,49.91,26
2020-02-06,30805,634,1493,28678,3192,2.06,4.85,42.46,26
2020-02-07,34399,719,2016,31664,3594,2.09,5.86,35.66,27
2020-02-08,37130,806,2617,33707,2731,2.17,7.05,30.8,27
2020-02-09,40161,906,3247,36008,3031,2.26,8.08,27.9,27
2020-02-10,42769,1013,3949,37807,2608,2.37,9.23,25.65,27
2020-02-11,44811,1113,4684,39014,2042,2.48,10.45,23.76,27
2020-02-12,45229,1118,5151,38960,418,2.47,11.39,21.7,27
2020-02-13,60381,1371,6294,52716,15152,2.27,10.42,21.78,27
2020-02-14,66909,1523,8061,57325,6528,2.28,12.05,18.89,28
2020-02-15,69052,1666,9397,57989,2143,2.41,13.61,17.73,28
2020-02-16,71235,1770,10867,58598,2183,2.48,15.26,16.29,28
2020-02-17,73270,1868,12587,58815,2035,2.55,17.18,14.84,28
2020-02-18,75152,2008,14352,58792,1883,2.67,19.1,13.99,28
2020-02-19,75652,2123,16123,57406,500,2.81,21.31,13.17,29
2020-02-20,76212,2248,18181,55783,560,2.95,23.86,12.36,29
2020-02-21,76841,2252,18894,55695,629,2.93,24.59,11.92,31
2020-02-22,78602,2459,22892,53251,1762,3.13,29.12,10.74,31
2020-02-23,78982,2470,23397,53115,383,3.13,29.62,10.56,32
2020-02-24,79550,2630,25229,51691,570,3.31,31.71,10.42,37
2020-02-25,80404,2710,27907,49787,854,3.37,34.71,9.71,42
2020-02-26,81381,2771,30388,48222,977,3.4,37.34,9.12,48
2020-02-27,82740,2814,33282,46644,1359,3.4,40.22,8.46,51
2020-02-28,84128,2873,36714,44541,1388,3.42,43.64,7.83,56
2020-02-29,86022,2943,39785,43294,1899,3.42,46.25,7.4,62
2020-03-01,88400,2997,42721,42682,2380,3.39,48.33,7.02,67
2020-03-02,90379,3086,45605,41688,1979,3.41,50.46,6.77,74
2020-03-03,92980,3160,48227,41593,2602,3.4,51.87,6.55,77
2020-03-04,95282,3255,51170,40857,2306,3.42,53.7,6.36,81
2020-03-05,98100,3348,53796,40956,2818,3.41,54.84,6.22,85
2020-03-06,102016,3461,55864,42691,3917,3.39,54.76,6.2,94
2020-03-07,106113,3565,58358,44190,4102,3.36,55.0,6.11,95
2020-03-08,110051,3805,60695,45551,3940,3.46,55.15,6.27,100
2020-03-09,114232,3995,62495,47742,4181,3.5,54.71,6.39,103
2020-03-10,119056,4271,64402,50383,4826,3.59,54.09,6.63,106
2020-03-11,126719,4616,66999,55104,7692,3.64,52.87,6.89,112
2020-03-12,132516,4925,68328,59263,5801,3.72,51.56,7.21,114
2020-03-13,146879,5417,70255,71207,14368,3.69,47.83,7.71,120
2020-03-14,157983,5838,72622,79523,11107,3.7,45.97,8.04,134
2020-03-15,169249,6488,76031,86730,11266,3.83,44.92,8.53,139
2020-03-16,184029,7175,78086,98768,14784,3.9,42.43,9.19,143
2020-03-17,200033,7991,80830,111212,16007,3.99,40.41,9.89,147
2020-03-18,219607,8909,83317,127381,19574,4.06,37.94,10.69,151
2020-03-19,246706,10025,84958,151723,27101,4.06,34.44,11.8,155
2020-03-20,277580,11518,87403,178659,30876,4.15,31.49,13.18,162
2020-03-21,309731,13243,91650,204838,32157,4.28,29.59,14.45,164
2020-03-22,344830,14928,97867,232035,35099,4.33,28.38,15.25,169
2020-03-23,387513,16888,98355,272270,42684,4.36,25.38,17.17,170
2020-03-24,428582,19198,107974,301410,41087,4.48,25.19,17.78,172
2020-03-25,479655,22022,113753,343880,51073,4.59,23.72,19.36,175
2020-03-26,542595,25065,122125,395405,62944,4.62,22.51,20.52,175
2020-03-27,607577,28551,130910,448116,64983,4.7,21.55,21.81,176
2020-03-28,677337,32349,139421,505567,69760,4.78,20.58,23.2,177
2020-03-29,734028,35853,148877,549298,56692,4.88,20.28,24.08,177
2020-03-30,799348,39944,164213,595191,65321,5.0,20.54,24.32,178
2020-03-31,876287,44685,177803,653799,76939,5.1,20.29,25.13,180
2020-04-01,959294,50698,193075,715521,83008,5.28,20.13,26.26,180
2020-04-02,1042431,56597,210218,775616,83137,5.43,20.17,26.92,181
2020-04-03,1126246,62752,225640,837854,83815,5.57,20.03,27.81,181
2020-04-04,1185380,68731,246052,870597,76210,5.8,20.76,27.93,181
2020-04-05,1256206,73986,259888,922332,70828,5.89,20.69,28.47,182
2020-04-06,1330154,79925,276597,973632,73948,6.01,20.79,28.9,183
2020-04-07,1399798,88230,299859,1011709,73133,6.3,21.42,29.42,183
2020-04-08,1483096,95062,328741,1059293,83298,6.41,22.17,28.92,183
2020-04-09,1570086,102934,353995,1113157,86990,6.56,22.55,29.08,183
2020-04-10,1655402,110353,375733,1169316,85316,6.67,22.7,29.37,184
2020-04-11,1729777,116634,401983,1211160,74375,6.74,23.24,29.01,184
2020-04-12,1849402,122583,421366,1305453,119646,6.63,22.78,29.09,184
2020-04-13,1920434,128601,448623,1343210,71032,6.7,23.36,28.67,184
2020-04-14,2004305,135683,473697,1394925,83871,6.77,23.63,28.64,184
2020-04-15,2082514,144231,510236,1428047,78209,6.93,24.5,28.27,184
2020-04-16,2178207,151659,541119,1485429,95693,6.96,24.84,28.03,184
2020-04-17,2266243,160174,567303,1538766,88036,7.07,25.03,28.23,184
2020-04-18,2343442,166372,591169,1585901,77200,7.1,25.23,28.14,184
2020-04-19,2420189,171726,622952,1625511,76747,7.1,25.74,27.57,184
2020-04-20,2495745,177776,645130,1672839,75556,7.12,25.85,27.56,184
2020-04-21,2571756,185154,679932,1706670,76011,7.2,26.44,27.23,184
2020-04-22,2653241,192198,710017,1751026,81485,7.24,26.76,27.07,184
2020-04-23,2737238,199205,738747,1799286,85706,7.28,26.99,26.97,184
2020-04-24,2821356,206129,788776,1826451,94152,7.31,27.96,26.13,184
2020-04-25,2903704,212005,816531,1875168,82348,7.3,28.12,25.96,184
2020-04-26,2975173,216265,845343,1913565,71470,7.27,28.41,25.58,184
2020-04-27,3045420,221211,873227,1950982,70247,7.26,28.67,25.33,184
2020-04-28,3121234,228032,906439,1986763,75814,7.31,29.04,25.16,184
2020-04-29,3198423,234986,948516,2014921,78646,7.35,29.66,24.77,184
2020-04-30,3281710,241029,1013632,2027049,83294,7.34,30.89,23.78,185
2020-05-01,3370188,246502,1051789,2071897,88478,7.31,31.21,23.44,186
2020-05-02,3449428,252340,1092440,2104648,79407,7.32,31.67,23.1,186
2020-05-03,3524168,256183,1124973,2143012,74740,7.27,31.92,22.77,186
2020-05-04,3601875,260754,1159059,2182062,77708,7.24,32.18,22.5,186
2020-05-05,3682099,266867,1195532,2219700,80224,7.25,32.47,22.32,186
2020-05-06,3772619,273754,1241651,2257214,90520,7.26,32.91,22.05,186
2020-05-07,3861472,279453,1281176,2300843,90436,7.24,33.18,21.81,186
2020-05-08,3951911,285368,1317589,2348954,91919,7.22,33.34,21.66,186
2020-05-09,4036319,289959,1371030,2375330,84408,7.18,33.97,21.15,186
2020-05-10,4111886,293991,1404839,2413056,75567,7.15,34.17,20.93,186
2020-05-11,4188341,297909,1451724,2438708,76512,7.11,34.66,20.52,186
2020-05-12,4272823,303795,1488766,2480262,84502,7.11,34.84,20.41,186
2020-05-13,4357717,309273,1544638,2503806,84894,7.1,35.45,20.02,187
2020-05-14,4453799,314848,1584349,2554602,96083,7.07,35.57,19.87,187
2020-05-15,4549827,320484,1632452,2596891,96028,7.04,35.88,19.63,187
2020-05-16,4644158,325037,1688863,2630258,94331,7.0,36.37,19.25,187
2020-05-17,4722424,328609,1729871,2663944,78266,6.96,36.63,19.0,187
2020-05-18,4811217,332767,1782787,2695663,88793,6.92,37.05,18.67,187
2020-05-19,4908172,337901,1834839,2735432,97164,6.88,37.38,18.42,187
2020-05-20,5010369,343096,1893809,2773464,102197,6.85,37.8,18.12,187
2020-05-21,5117026,348174,1945029,2823823,106761,6.8,38.01,17.9,187
2020-05-22,5223409,353852,2053576,2815981,106383,6.77,39.31,17.23,187
2020-05-23,5327993,358154,2108410,2861429,104584,6.72,39.57,16.99,187
2020-05-24,5422538,361637,2163937,2896964,94984,6.67,39.91,16.71,187
2020-05-25,5508955,363252,2227666,2918037,86789,6.59,40.44,16.31,187
2020-05-26,5602173,367915,2282818,2951440,93218,6.57,40.75,16.12,187
2020-05-27,5705772,373308,2346145,2986319,103599,6.54,41.12,15.91,187
2020-05-28,5824378,378320,2413008,3033050,118606,6.5,41.43,15.68,187
2020-05-29,5945407,383475,2490273,3071659,121029,6.45,41.89,15.4,187
2020-05-30,6082397,387859,2560723,3133815,136990,6.38,42.1,15.15,187
2020-05-31,6189006,391012,2637107,3160887,106609,6.32,42.61,14.83,187
2020-06-01,6284754,394523,2692032,3198199,95748,6.28,42.83,14.66,187
2020-06-02,6406445,399723,2796144,3210578,122338,6.24,43.65,14.3,187
2020-06-03,6520626,405562,2875235,3239829,117408,6.22,44.09,14.11,187
2020-06-04,6651489,410990,2945305,3295194,130863,6.18,44.28,13.95,187
2020-06-05,6782390,416053,3014470,3351867,130901,6.13,44.45,13.8,187
2020-06-06,6916461,420270,3086674,3409517,134071,6.08,44.63,13.62,187
2020-06-07,7029144,423457,3141783,3463904,112683,6.02,44.7,13.48,187
2020-06-08,7130614,427623,3293394,3409597,101470,6.0,46.19,12.98,187
2020-06-09,7255084,432816,3375664,3446604,124470,5.97,46.53,12.82,187
2020-06-10,7390531,438298,3454835,3497398,135447,5.93,46.75,12.69,187
2020-06-11,7527833,443363,3540714,3543756,137302,5.89,47.03,12.52,187
2020-06-12,7656876,448172,3620434,3588270,129043,5.85,47.28,12.38,187
2020-06-13,7792031,452632,3706326,3633073,135155,5.81,47.57,12.21,187
2020-06-14,7924682,456275,3777145,3691262,132651,5.76,47.66,12.08,187
2020-06-15,8043088,460110,3857420,3725558,118406,5.72,47.96,11.93,187
2020-06-16,8184796,467229,3955283,3762284,141708,5.71,48.32,11.81,187
2020-06-17,8329379,472794,4074114,3782471,144583,5.68,48.91,11.6,187
2020-06-18,8470135,478108,4155277,3836750,140756,5.64,49.06,11.51,187
2020-06-19,8650320,484489,4250267,3915564,180333,5.6,49.13,11.4,187
2020-06-20,8807897,488984,4366121,3952792,157577,5.55,49.57,11.2,187
2020-06-21,8936632,493605,4434807,4008220,128735,5.52,49.63,11.13,187
2020-06-22,9075015,497350,4526440,4051225,138383,5.48,49.88,10.99,187
2020-06-23,9242097,502923,4630495,4108679,167082,5.44,50.1,10.86,187
2020-06-24,9414971,508462,4746246,4160263,172874,5.4,50.41,10.71,187
2020-06-25,9593311,513507,4839130,4240674,178340,5.35,50.44,10.61,187
2020-06-26,9785153,518585,4945110,4321458,191842,5.3,50.54,10.49,187
2020-06-27,9963873,523367,5051396,4389110,178720,5.25,50.7,10.36,187
2020-06-28,10128830,526894,5140599,4461337,165364,5.2,50.75,10.25,187
2020-06-29,10282422,530907,5235170,4516345,153592,5.16,50.91,10.14,187
2020-06-30,10458819,536105,5352510,4570204,176397,5.13,51.18,10.02,187
2020-07-01,10676199,541433,5468424,4666342,217380,5.07,51.22,9.9,187
2020-07-02,10885967,546873,5753358,4585736,209768,5.02,52.85,9.51,187
2020-07-03,11088610,552181,5863246,4673183,202644,4.98,52.88,9.42,187
2020-07-04,11285013,556992,6059006,4669015,196403,4.94,53.69,9.19,187
2020-07-05,11469073,560838,6178369,4729866,184060,4.89,53.87,9.08,187
2020-07-06,11632594,564993,6302068,4765533,163521,4.86,54.18,8.97,187
2020-07-07,11842590,571343,6447101,4824146,209996,4.82,54.44,8.86,187
2020-07-08,12056314,577006,6605157,4874151,213724,4.79,54.79,8.74,187
2020-07-09,12281315,582793,6739775,4958747,225001,4.75,54.88,8.65,187
2020-07-10,12514029,588457,6879221,5046351,232714,4.7,54.97,8.55,187
2020-07-11,12731700,593673,7004913,5133114,217671,4.66,55.02,8.48,187
2020-07-12,12925565,597975,7116749,5210841,193865,4.63,55.06,8.4,187
2020-07-13,13115865,602268,7257072,5256525,190300,4.59,55.33,8.3,187
2020-07-14,13337090,608280,7399324,5329486,221225,4.56,55.48,8.22,187
2020-07-15,13568318,614154,7559130,5395034,231233,4.53,55.71,8.12,187
2020-07-16,13819914,620333,7711615,5487966,251599,4.49,55.8,8.04,187
2020-07-17,14061990,627380,7895036,5539574,242076,4.46,56.14,7.95,187
2020-07-18,14299998,633932,8045823,5620243,238008,4.43,56.26,7.88,187
2020-07-19,14514204,638842,8133881,5741481,214206,4.4,56.04,7.85,187
2020-07-20,14719693,642661,8293009,5784023,205489,4.37,56.34,7.75,187
2020-07-21,14954376,649058,8467705,5837613,234793,4.34,56.62,7.67,187
2020-07-22,15234082,656414,8647437,5930231,279708,4.31,56.76,7.59,187
2020-07-23,15517270,663036,8823667,6030567,283189,4.27,56.86,7.51,187
2020-07-24,15798645,669493,9051967,6077185,281375,4.24,57.3,7.4,187
2020-07-25,16053916,675641,9271779,6106496,255271,4.21,57.75,7.29,187
2020-07-26,16268482,679970,9415080,6173432,214566,4.18,57.87,7.22,187
2020-07-27,16494985,685202,9586463,6223320,226507,4.15,58.12,7.15,187
2020-07-28,16744416,691926,9756921,6295569,249431,4.13,58.27,7.09,187
2020-07-29,17033245,698935,9959507,6374803,288829,4.1,58.47,7.02,187
2020-07-30,17313937,705566,10173026,6435345,280692,4.08,58.76,6.94,187
2020-07-31,17604191,712145,10372632,6519414,290254,4.05,58.92,6.87,187
2020-08-01,17854860,718270,10553543,6583047,250669,4.02,59.11,6.81,187
2020-08-02,18086694,722927,10692267,6671500,231834,4.0,59.12,6.76,187
2020-08-03,18292821,727705,10914712,6650404,206128,3.98,59.67,6.67,187
2020-08-04,18547263,734706,11138369,6674188,254442,3.96,60.05,6.6,187
2020-08-05,18824898,742193,11360064,6722641,277635,3.94,60.35,6.53,187
2020-08-06,19108205,749080,11548871,6810254,283307,3.92,60.44,6.49,187
2020-08-07,19391549,755769,11740917,6894863,283344,3.9,60.55,6.44,187
2020-08-08,19651136,761841,11941161,6948134,259587,3.88,60.77,6.38,187
2020-08-09,19878178,766964,12119939,6991275,227044,3.86,60.97,6.33,187
2020-08-10,20102341,772360,12284150,7045831,224163,3.84,61.11,6.29,187
2020-08-11,20364383,778982,12589218,6996183,262043,3.83,61.82,6.19,187
2020-08-12,20637714,785928,12829863,7021923,273331,3.81,62.17,6.13,187
2020-08-13,20927039,792763,12993779,7140497,289341,3.79,62.09,6.1,187
2020-08-14,21230655,799422,13277021,7154212,303616,3.77,62.54,6.02,187
2020-08-15,21480847,805387,13445625,7229835,250192,3.75,62.59,5.99,187
2020-08-16,21696033,810211,13678579,7207243,215228,3.73,63.05,5.92,187
2020-08-17,21902776,814732,13889591,7198453,206743,3.72,63.41,5.87,187
2020-08-18,22158915,821795,14117186,7219934,256139,3.71,63.71,5.82,187
2020-08-19,22435554,828898,14335183,7271473,276639,3.69,63.89,5.78,187
2020-08-20,22708723,835308,14542973,7330442,273169,3.68,64.04,5.74,187
2020-08-21,22969896,841039,14711467,7417390,261173,3.66,64.05,5.72,187
2020-08-22,23235396,846843,14921384,7467169,265500,3.64,64.22,5.68,187
2020-08-23,23441870,851242,15137915,7452713,206474,3.63,64.58,5.62,187
2020-08-24,23665484,855955,15337336,7472193,223714,3.62,64.81,5.58,187
2020-08-25,23910039,862591,15568885,7478563,244555,3.61,65.11,5.54,187
2020-08-26,24192604,869150,15794619,7528835,282565,3.59,65.29,5.5,187
2020-08-27,24477115,875365,16001856,7599894,284528,3.58,65.37,5.47,187
2020-08-28,24760436,881227,16200974,7678235,284669,3.56,65.43,5.44,187
2020-08-29,25025729,886852,16412387,7726490,265293,3.54,65.58,5.4,187
2020-08-30,25247155,891272,16622627,7733256,221426,3.53,65.84,5.36,187
2020-08-31,25507330,895652,16823417,7788261,260175,3.51,65.96,5.32,187
2020-09-01,25773238,902282,17081379,7789577,265908,3.5,66.28,5.28,187
2020-09-02,26056422,908572,17300616,7847234,283196,3.49,66.4,5.25,187
2020-09-03,26338002,914641,17521985,7901376,281580,3.47,66.53,5.22,187
2020-09-04,26652310,920528,17735486,7996296,314308,3.45,66.54,5.19,187
2020-09-05,26922636,925680,17936474,8060482,270326,3.44,66.62,5.16,187
2020-09-06,27152912,929820,18148265,8074827,230276,3.42,66.84,5.12,187
2020-09-07,27371042,939413,18345813,8085816,226083,3.43,67.03,5.12,187
2020-09-08,27611504,944521,18547610,8119373,240462,3.42,67.17,5.09,187
2020-09-09,27896910,950752,18787877,8158281,285406,3.41,67.35,5.06,187
2020-09-10,28196721,956770,19004538,8235413,299811,3.39,67.4,5.03,187
2020-09-11,28518394,962799,19228208,8327387,321673,3.38,67.42,5.01,187
2020-09-12,28805655,967858,19451142,8386655,287261,3.36,67.53,4.98,187
2020-09-13,29048501,971849,19638990,8437662,242846,3.35,67.61,4.95,187
2020-09-14,29311110,976376,19867489,8467245,262609,3.33,67.78,4.91,187
2020-09-15,29596427,982979,20093776,8519672,285317,3.32,67.89,4.89,187
2020-09-16,29900939,988887,20323253,8588799,304512,3.31,67.97,4.87,187
2020-09-17,30215740,994484,20543464,8677792,314801,3.29,67.99,4.84,187
2020-09-18,30541700,1000301,20794613,8746786,325960,3.28,68.09,4.81,187
2020-09-19,30834324,1005692,21031598,8797034,292624,3.26,68.21,4.78,187
2020-09-20,31086944,1009668,21268675,8808601,252620,3.25,68.42,4.75,187
2020-09-21,31361672,1014005,21514153,8833514,274728,3.23,68.6,4.71,187
2020-09-22,31646425,1020203,21733546,8892676,284753,3.22,68.68,4.69,187
2020-09-23,31922524,1025817,21996959,8899748,276099,3.21,68.91,4.66,187
2020-09-24,32276020,1032397,22252629,8990994,353496,3.2,68.94,4.64,187
2020-09-25,32607085,1038340,22491837,9076908,331065,3.18,68.98,4.62,187
2020-09-26,32896022,1043906,22753980,9098136,288937,3.17,69.17,4.59,187
2020-09-27,33147922,1047750,22967859,9132313,251992,3.16,69.29,4.56,187
2020-09-28,33402293,1051772,23190401,9160120,254371,3.15,69.43,4.54,187
2020-09-29,33685236,1057836,23431685,9195715,282943,3.14,69.56,4.51,187
2020-09-30,34011283,1064363,23679903,9267017,326047,3.13,69.62,4.49,187
2020-10-01,34329916,1073168,23901445,9355303,318633,3.13,69.62,4.49,187
2020-10-02,34628080,1078210,24073730,9476140,298164,3.11,69.52,4.48,187
2020-10-03,34961140,1083658,24329331,9548151,333060,3.1,69.59,4.45,187
2020-10-04,35222341,1087692,24551490,9583159,261201,3.09,69.7,4.43,187
2020-10-05,35521880,1094694,24788958,9638228,299539,3.08,69.79,4.42,187
2020-10-06,35848168,1100541,25021584,9726043,326288,3.07,69.8,4.4,187
2020-10-07,36199307,1106443,25276775,9816089,351139,3.06,69.83,4.38,187
2020-10-08,36561071,1112807,25496281,9951983,361764,3.04,69.74,4.36,187
2020-10-09,36922252,1119016,25703071,10100165,361181,3.03,69.61,4.35,187
2020-10-10,37279745,1123935,25898476,10257334,357493,3.01,69.47,4.34,187
2020-10-11,37567580,1128071,26121116,10318393,287836,3.0,69.53,4.32,187
2020-10-12,37859037,1132141,26321235,10405661,291457,2.99,69.52,4.3,188
2020-10-13,38177747,1137517,26513680,10526550,318710,2.98,69.45,4.29,188
2020-10-14,38559473,1143710,26725965,10689798,381726,2.97,69.31,4.28,188
2020-10-15,38966788,1149791,26933292,10883705,407315,2.95,69.12,4.27,188
2020-10-16,39378612,1156116,27136306,11086190,411824,2.94,68.91,4.26,188
2020-10-17,39752952,1161799,27334589,11256564,374347,2.92,68.76,4.25,188
2020-10-18,40069587,1165455,27536100,11368032,316635,2.91,68.72,4.23,188
2020-10-19,40455920,1170359,27738631,11546930,386333,2.89,68.57,4.22,188
2020-10-20,40844911,1176997,27950078,11717836,388991,2.88,68.43,4.21,188
2020-10-21,41289427,1183803,28161300,11944324,444516,2.87,68.2,4.2,188
2020-10-22,41761859,1189752,28388093,12184014,472432,2.85,67.98,4.19,188
2020-10-23,42259411,1196827,28594827,12467757,497552,2.83,67.66,4.19,188
2020-10-24,42716589,1202721,28806408,12707460,457178,2.82,67.44,4.18,188
2020-10-25,43077404,1206983,29003666,12866755,360815,2.8,67.33,4.16,188
2020-10-26,43563207,1212580,29242801,13107826,485803,2.78,67.13,4.15,188
2020-10-27,44033640,1220023,29832506,12981111,470434,2.77,67.75,4.09,188
2020-10-28,44545516,1227233,30098468,13219815,511876,2.76,67.57,4.08,189
2020-10-29,45095847,1234406,30345219,13516222,550331,2.74,67.29,4.07,189
2020-10-30,45667670,1242027,30600993,13824650,571823,2.72,67.01,4.06,189
2020-10-31,46145040,1248731,30845322,14050987,477370,2.71,66.84,4.05,189
2020-11-01,46607856,1253856,31103269,14250731,462816,2.69,66.73,4.03,189
2020-11-02,47169522,1260056,31383406,14526060,561666,2.67,66.53,4.02,189
2020-11-03,47724055,1269475,31634979,14819601,554533,2.66,66.29,4.01,189
2020-11-04,48235258,1279614,31914298,15041346,557324,2.65,66.16,4.01,189
2020-11-05,48832422,1287717,32217953,15326752,597165,2.64,65.98,4.0,189
2020-11-06,49477334,1297467,32506314,15673553,644912,2.62,65.7,3.99,189
2020-11-07,50078124,1305157,32805330,15967637,600790,2.61,65.51,3.98,189
2020-11-08,50561629,1311192,33058570,16191867,483505,2.59,65.38,3.97,189
2020-11-09,51061864,1318428,33315623,16427813,500235,2.58,65.25,3.96,189
2020-11-10,51620880,1328457,33572983,16719440,559016,2.57,65.04,3.96,190
2020-11-11,52271002,1338961,33953207,16978834,650122,2.56,64.96,3.94,190
2020-11-12,52918546,1348729,34179446,17390371,647544,2.55,64.59,3.95,190
2020-11-13,53571384,1358368,34481578,17731438,652838,2.54,64.37,3.94,190
2020-11-14,54169580,1367576,34759397,18042607,598196,2.52,64.17,3.93,190
2020-11-15,54644074,1374164,34990157,18279753,474494,2.51,64.03,3.93,190
2020-11-16,55176165,1382077,35380887,18413201,532091,2.5,64.12,3.91,190
2020-11-17,55787343,1393166,35814478,18579699,611178,2.5,64.2,3.89,190
2020-11-18,56414690,1404587,36177588,18832515,627347,2.49,64.13,3.88,191
2020-11-19,57068602,1415703,36551887,19101012,653912,2.48,64.05,3.87,191
2020-11-20,57740305,1427511,36907311,19405483,671703,2.47,63.92,3.87,191
2020-11-21,58329486,1436524,37246581,19646381,589181,2.46,63.86,3.86,191
2020-11-22,58816861,1443942,37520305,19852614,487377,2.45,63.79,3.85,191
2020-11-23,59340707,1452445,37931518,19956744,523856,2.45,63.92,3.83,191
2020-11-24,59932985,1465165,38303697,20164123,592278,2.44,63.91,3.83,191
2020-11-25,60570872,1477315,38741107,20352450,637887,2.44,63.96,3.81,191
2020-11-26,61157136,1488276,39107983,20560877,586264,2.43,63.95,3.81,191
2020-11-27,61841126,1499686,39489609,20851831,683990,2.43,63.86,3.8,191
2020-11-28,62429212,1508983,39849315,21070914,588086,2.42,63.83,3.79,191
2020-11-29,62917854,1516305,40167598,21233951,488642,2.41,63.84,3.77,191
2020-11-30,63422630,1525198,40569854,21327578,504776,2.4,63.97,3.76,191
2020-12-01,64040778,1537917,41046058,21456803,618148,2.4,64.09,3.75,191
2020-12-02,64693814,1550590,41508984,21634240,653036,2.4,64.16,3.74,191
2020-12-03,65389164,1563127,41935968,21890069,695350,2.39,64.13,3.73,191
2020-12-04,66075040,1575663,42426585,22072792,685876,2.38,64.21,3.71,191
2020-12-05,66721965,1585975,42862533,22273457,646925,2.38,64.24,3.7,191
2020-12-06,67258205,1593617,43178577,22486011,536240,2.37,64.2,3.69,191
2020-12-07,67775023,1602322,43591716,22580985,516818,2.36,64.32,3.68,191
2020-12-08,68424738,1614677,44032487,22777574,649715,2.36,64.35,3.67,191
2020-12-09,69093796,1627332,44458967,23007497,669058,2.36,64.35,3.66,191
2020-12-10,70594620,1639997,44950193,24004430,1500824,2.32,63.67,3.65,191
2020-12-11,71300258,1653106,45428333,24218819,705638,2.32,63.71,3.64,191
2020-12-12,71937695,1663771,46933276,23340648,637437,2.31,65.24,3.54,191
2020-12-13,72467298,1671520,47328395,23467383,529603,2.31,65.31,3.53,191
2020-12-14,73000329,1680608,41338398,29981323,533031,2.3,56.63,4.07,191
2020-12-15,73649081,1694472,41696562,30258047,648752,2.3,56.62,4.06,191
2020-12-16,74376698,1708265,42058782,30609651,727651,2.3,56.55,4.06,191
2020-12-17,75114562,1721708,42434191,30958663,737864,2.29,56.49,4.06,191
2020-12-18,75831817,1734641,42751919,31345257,717255,2.29,56.38,4.06,191
2020-12-19,76452503,1745564,43103505,31603434,620686,2.28,56.38,4.05,191
2020-12-20,76983365,1753598,43380334,31849433,530862,2.28,56.35,4.04,191
2020-12-21,77524824,1763219,43723554,32038051,541459,2.27,56.4,4.03,191
2020-12-22,78178313,1777489,44086739,32314085,653489,2.27,56.39,4.03,191
2020-12-23,78869136,1791359,44410879,32666898,690823,2.27,56.31,4.03,191
2020-12-24,79546939,1803133,44725551,33018255,677803,2.27,56.23,4.03,191
2020-12-25,80025232,1811776,45017157,33196299,478293,2.26,56.25,4.02,191
2020-12-26,80532275,1819302,45425321,33287652,507043,2.26,56.41,4.01,191
2020-12-27,80964915,1827018,45717709,33420188,432640,2.26,56.47,4.0,191
2020-12-28,81454491,1836717,46016135,33601639,489576,2.25,56.49,3.99,191
2020-12-29,82120389,1851858,46369230,33899301,665898,2.26,56.46,3.99,191
2020-12-30,82870092,1867253,46757475,34245364,749703,2.25,56.42,3.99,191
2020-12-31,83637784,1880709,47055807,34701268,767692,2.25,56.26,4.0,191
2021-01-01,84203945,1890767,47359111,34954067,566161,2.25,56.24,3.99,191
2021-01-02,84789834,1898957,47614296,35276581,587747,2.24,56.16,3.99,191
2021-01-03,85311618,1906578,47882778,35522262,521784,2.23,56.13,3.98,191
2021-01-04,85862769,1916695,48173186,35772888,551151,2.23,56.1,3.98,191
2021-01-05,86599074,1932188,48488547,36178339,736305,2.23,55.99,3.98,191
2021-01-06,87383666,1947268,48801672,36634726,784592,2.23,55.85,3.99,191
2021-01-07,88275187,1962396,49125603,37187188,891521,2.22,55.65,3.99,191
2021-01-08,89086319,1977573,49422866,37685880,811132,2.22,55.48,4.0,191
2021-01-09,89844616,1990607,49753111,38100898,758297,2.22,55.38,4.0,191
2021-01-10,90432702,1999283,50023661,38409758,588086,2.21,55.32,4.0,191
2021-01-11,91049524,2009593,50313949,38725982,616822,2.21,55.26,3.99,191
2021-01-12,91746747,2026794,50657506,39062447,697223,2.21,55.21,4.0,191
2021-01-13,92494424,2043663,51023567,39427194,747677,2.21,55.16,4.01,191
2021-01-14,93252210,2059305,51396412,39796493,757786,2.21,55.12,4.01,191
2021-01-15,94022870,2074468,51717034,40231368,770660,2.21,55.0,4.01,191
2021-01-16,94668101,2088069,52034089,40545943,645231,2.21,54.96,4.01,191
2021-01-17,95195726,2097081,52349804,40748841,527625,2.2,54.99,4.01,191
2021-01-18,95707779,2106795,52668557,40932427,512054,2.2,55.03,4.0,191
2021-01-19,96305234,2123740,53071501,41109993,597455,2.21,55.11,4.0,191
2021-01-20,97000167,2141716,53399272,41459179,694933,2.21,55.05,4.01,191
2021-01-21,97654938,2158876,53765411,41730651,654771,2.21,55.06,4.02,192
2021-01-22,98312298,2175068,54147168,41990062,657360,2.21,55.08,4.02,192
2021-01-23,98883925,2188866,54463661,42231398,571627,2.21,55.08,4.02,192
2021-01-24,99335895,2198074,54774618,42363203,451970,2.21,55.14,4.01,192
2021-01-25,99824124,2209259,55089059,42525806,488229,2.21,55.19,4.01,192
2021-01-26,100377338,2226801,55418602,42731935,553214,2.22,55.21,4.02,192
2021-01-27,100977028,2243948,55759371,42973709,599690,2.22,55.22,4.02,192
2021-01-28,101589013,2261108,56075030,43252875,611985,2.23,55.2,4.03,192
2021-01-29,102179630,2276613,56439137,43463880,590619,2.23,55.24,4.03,192
2021-01-30,102697256,2290149,56790303,43616804,517626,2.23,55.3,4.03,192
2021-01-31,103081819,2298823,57079202,43703794,384563,2.23,55.37,4.03,192
2021-02-01,103523081,2309480,57351844,43861757,441262,2.23,55.4,4.03,192
2021-02-02,103980038,2324750,57702034,43953254,456957,2.24,55.49,4.03,192
2021-02-03,104503478,2340821,58031881,44130776,523440,2.24,55.53,4.03,192
2021-02-04,104970329,2353678,58325870,44290781,466851,2.24,55.56,4.04,192
2021-02-05,105502809,2370846,58607157,44524806,532480,2.25,55.55,4.05,192
2021-02-06,105881313,2381286,58901714,44598313,378504,2.25,55.63,4.04,192
2021-02-07,106281215,2389559,59179149,44712507,399902,2.25,55.68,4.04,192
2021-02-08,106592577,2398419,59411983,44782175,311363,2.25,55.74,4.04,192
2021-02-09,107019339,2414526,59783591,44821222,426762,2.26,55.86,4.04,192
2021-02-10,107455702,2428447,60052899,44974356,436363,2.26,55.89,4.04,192
2021-02-11,107897472,2442151,60328984,45126337,441770,2.26,55.91,4.05,192
2021-02-12,108326345,2455305,60616583,45254457,428873,2.27,55.96,4.05,192
2021-02-13,108700944,2465648,60862826,45372470,374599,2.27,55.99,4.05,192
2021-02-14,108996146,2472317,61058257,45465572,295202,2.27,56.02,4.05,192
2021-02-15,109279455,2479731,61346870,45452854,283309,2.27,56.14,4.04,192
2021-02-16,109627029,2491292,61582275,45553462,347574,2.27,56.17,4.05,192
2021-02-17,110022186,2503166,61876216,45642804,395157,2.28,56.24,4.05,192
2021-02-18,110427203,2514953,62112834,45799416,405017,2.28,56.25,4.05,192
2021-02-19,110838568,2526706,62347470,45964392,411365,2.28,56.25,4.05,192
2021-02-20,111210542,2535577,62616686,46058279,371974,2.28,56.3,4.05,192
2021-02-21,111525837,2542025,62833943,46149869,315295,2.28,56.34,4.05,192
2021-02-22,111813033,2549443,63016513,46247077,287196,2.28,56.36,4.05,192
2021-02-23,112201625,2561145,63295143,46345337,388592,2.28,56.41,4.05,192
2021-02-24,112646833,2573572,63504602,46568659,445208,2.28,56.37,4.05,192
2021-02-25,113094860,2584207,63732294,46778359,448027,2.28,56.35,4.05,192
2021-02-26,113538250,2594926,63992562,46950762,443390,2.29,56.36,4.06,192
2021-02-27,113928610,2603560,64243284,47081766,390360,2.29,56.39,4.05,192
2021-02-28,114232638,2609772,64418461,47204405,304028,2.28,56.39,4.05,192
2021-03-01,114535597,2617624,64633387,47284586,302959,2.29,56.43,4.05,192
2021-03-02,114845793,2627972,64903491,47314330,384543,2.29,56.51,4.05,192
2021-03-03,115286720,2639708,65132899,47514113,440927,2.29,56.5,4.05,192
2021-03-04,115740314,2649979,65383179,47707156,453594,2.29,56.49,4.05,192
2021-03-05,116187728,2660673,65609539,47917516,447414,2.29,56.47,4.06,192
2021-03-06,116598995,2668768,65846042,48084185,411267,2.29,56.47,4.05,192
2021-03-07,116968322,2674683,66084362,48209277,369327,2.29,56.5,4.05,192
2021-03-08,117266723,2681831,66358920,48225972,298401,2.29,56.59,4.04,192
2021-03-09,117679869,2692475,66621153,48366241,413146,2.29,56.61,4.04,192
2021-03-10,118147113,2702609,66856509,48587995,467244,2.29,56.59,4.04,192
2021-03-11,118624202,2712810,67129126,48782266,477089,2.29,56.59,4.04,192
2021-03-12,119113611,2722911,67397682,48993018,489409,2.29,56.58,4.04,192
2021-03-13,119568259,2731379,67650214,49186666,454648,2.28,56.58,4.04,192
2021-03-14,119929056,2737343,67895902,49295811,360797,2.28,56.61,4.03,192
2021-03-15,120276523,2744788,68185781,49345954,347467,2.28,56.69,4.03,192
2021-03-16,120750059,2755340,68452266,49542453,473536,2.28,56.69,4.03,192
2021-03-17,121289512,2765793,68716802,49806917,539453,2.28,56.66,4.02,192
2021-03-18,121843097,2776650,68985878,50080569,553585,2.28,56.62,4.02,192
2021-03-19,122405095,2787709,69264939,50352447,561998,2.28,56.59,4.02,192
2021-03-20,122905114,2796413,69523150,50585551,500019,2.28,56.57,4.02,192
2021-03-21,123329441,2804623,69803249,50721569,424327,2.27,56.6,4.02,192
2021-03-22,123744867,2812640,70137878,50794349,417640,2.27,56.68,4.01,192
2021-03-23,124259027,2824137,70451020,50983870,514160,2.27,56.7,4.01,192
2021-03-24,124892614,2834539,70786662,51271413,635588,2.27,56.68,4.0,192
2021-03-25,125544508,2846221,71098479,51599808,651894,2.27,56.63,4.0,192
2021-03-26,126185977,2859095,71463065,51863817,641469,2.27,56.63,4.0,192
2021-03-27,126771724,2869243,71768318,52134163,585747,2.26,56.61,4.0,192
2021-03-28,127242224,2876602,72097106,52268516,470500,2.26,56.66,3.99,192
2021-03-29,127699555,2885064,72401542,52412949,457331,2.26,56.7,3.98,192
2021-03-30,128267968,2897154,72736785,52634029,568413,2.26,56.71,3.98,192
2021-03-31,128951336,2909956,73119294,52922086,683368,2.26,56.7,3.98,192
2021-04-01,129663298,2922369,73464080,53276849,711962,2.25,56.66,3.98,192
2021-04-02,130298011,2933069,73784287,53580655,634713,2.25,56.63,3.98,192
2021-04-03,130828241,2942396,74150288,53735557,530230,2.25,56.68,3.97,192
2021-04-04,131382277,2949717,74498476,53934084,554036,2.25,56.7,3.96,192
2021-04-05,131869014,2957418,74846289,54065307,486737,2.24,56.76,3.95,192
2021-04-06,132473537,2970021,75216285,54287231,604523,2.24,56.78,3.95,192
2021-04-07,133158161,2985747,75699590,54472824,684624,2.24,56.85,3.94,192
2021-04-08,133998183,3000165,76094849,54903169,840022,2.24,56.79,3.94,192
2021-04-09,134747953,3014383,76548562,55185008,754557,2.24,56.81,3.94,192
2021-04-10,135414484,3027438,76933556,55453490,666531,2.24,56.81,3.94,192
2021-04-11,136104948,3036463,77464028,55604457,690464,2.23,56.91,3.92,192
2021-04-12,136719424,3046328,77858760,55814336,614476,2.23,56.95,3.91,192
2021-04-13,137499042,3060156,78345222,56093664,779618,2.23,56.98,3.91,192
2021-04-14,138316278,3074241,78792112,56449925,817236,2.22,56.97,3.9,192
2021-04-15,139132806,3087910,79236514,56808382,816528,2.22,56.95,3.9,192
2021-04-16,139990132,3101226,79740631,57148275,857326,2.22,56.96,3.89,192
2021-04-17,140776609,3113726,80259167,57403716,786530,2.21,57.01,3.88,192
2021-04-18,141462393,3122976,80839358,57500059,685784,2.21,57.15,3.86,192
2021-04-19,142155140,3133865,81374733,57646542,692747,2.2,57.24,3.85,192
2021-04-20,143009142,3148184,81979570,57881388,854002,2.2,57.32,3.84,192
2021-04-21,143900035,3163099,82491870,58245066,890893,2.2,57.33,3.83,192
2021-04-22,144798713,3177001,83128166,58493546,898678,2.19,57.41,3.82,192
2021-04-23,145702976,3192191,83767998,58742787,904263,2.19,57.49,3.81,192
2021-04-24,146524283,3205454,84344289,58974540,821307,2.19,57.56,3.8,192
2021-04-25,147247393,3216099,84878103,59153191,723110,2.18,57.64,3.79,192
2021-04-26,147929099,3227735,85565469,59135895,681706,2.18,57.84,3.77,192
2021-04-27,148773631,3242706,86246373,59284552,844532,2.18,57.97,3.76,192
2021-04-28,149679665,3258724,86843038,59577903,906034,2.18,58.02,3.75,192
2021-04-29,150577638,3274479,87550354,59752805,897973,2.17,58.14,3.74,192
2021-04-30,151456869,3288493,88236950,59931426,879231,2.17,58.26,3.73,192
2021-05-01,152254430,3301780,88919400,60033250,797561,2.17,58.4,3.71,192
2021-05-02,152929101,3312021,89612414,60004666,674671,2.17,58.6,3.7,192
2021-05-03,153609374,3323779,90255903,60029692,680273,2.16,58.76,3.68,192
2021-05-04,154416367,3337822,90912803,60165742,806993,2.16,58.88,3.67,192
2021-05-05,155258417,3352708,91626285,60279424,842050,2.16,59.02,3.66,192
2021-05-06,156129248,3367345,92301897,60460006,870831,2.16,59.12,3.65,192
2021-05-07,156961702,3381743,92998026,60581933,832454,2.15,59.25,3.64,192
2021-05-08,157748281,3395054,93709031,60644196,786579,2.15,59.4,3.62,192
2021-05-09,158390277,3405521,94371824,60612932,641997,2.15,59.58,3.61,192
2021-05-10,159009531,3416610,95000510,60592411,619254,2.15,59.75,3.6,192
2021-05-11,159748310,3430842,95751514,60565954,738796,2.15,59.94,3.58,192
2021-05-12,160508737,3444687,96399063,60664987,760427,2.15,60.06,3.57,192
2021-05-13,161234175,3458379,97089180,60686616,725438,2.14,60.22,3.56,192
2021-05-14,161951671,3471438,97754527,60725706,717496,2.14,60.36,3.55,192
2021-05-15,162580273,3483661,98397064,60699548,628602,2.14,60.52,3.54,192
2021-05-16,163129358,3493918,99064468,60570972,549085,2.14,60.73,3.53,192
2021-05-17,163668660,3505075,99808930,60354655,539302,2.14,60.98,3.51,192
2021-05-18,164290991,3519276,100552043,60219672,624693,2.14,61.2,3.5,193
2021-05-19,164962990,3532844,101250070,60180076,671999,2.14,61.38,3.49,193
2021-05-20,165242862,3545902,101886759,59810201,628712,2.15,61.66,3.48,193
2021-05-21,165869004,3558913,102501547,59808544,626142,2.15,61.8,3.47,193
2021-05-22,166447967,3570453,103118308,59759206,578963,2.15,61.95,3.46,193
2021-05-23,166924887,3580213,103620279,59724395,476920,2.14,62.08,3.46,193
2021-05-24,167377797,3589270,104247871,59540656,452910,2.14,62.28,3.44,193
2021-05-25,167909942,3602480,104824934,59482528,532145,2.15,62.43,3.44,193
2021-05-26,168479185,3615220,105380747,59483218,569243,2.15,62.55,3.43,193
2021-05-27,169033603,3628233,106078105,59327265,554418,2.15,62.76,3.42,193
2021-05-28,169533854,3640197,106633068,59260589,500251,2.15,62.9,3.41,193
2021-05-29,170015706,3650960,107140668,59224078,481852,2.15,63.02,3.41,193
2021-05-30,170407505,3659264,107630597,59117644,391799,2.15,63.16,3.4,193
2021-05-31,170786120,3667952,108159766,58958402,378615,2.15,63.33,3.39,193
2021-06-01,171249232,3683283,108743649,58822300,463112,2.15,63.5,3.39,193
2021-06-02,171735062,3695186,109272023,58767853,485830,2.15,63.63,3.38,193
2021-06-03,172224471,3705024,109701213,58818234,489409,2.15,63.7,3.38,193
2021-06-04,172643866,3715984,110226715,58701167,419395,2.15,63.85,3.37,193
2021-06-05,173042703,3725168,110704845,58612690,398837,2.15,63.98,3.36,193
2021-06-06,173365844,3732401,111146371,58487072,323141,2.15,64.11,3.36,193
2021-06-07,173686530,3740454,111568368,58377708,320686,2.15,64.24,3.35,193
2021-06-08,174053342,3750834,111983104,58319404,366812,2.15,64.34,3.35,193
2021-06-09,174473126,3761303,112435799,58276024,419784,2.16,64.44,3.35,193
2021-06-10,174922831,3777313,112849488,58296030,449705,2.16,64.51,3.35,193
2021-06-11,175343659,3789234,113225020,58329405,420828,2.16,64.57,3.35,193
2021-06-12,175716302,3799018,113563994,58353290,372643,2.16,64.63,3.35,193
2021-06-13,176019849,3808295,113993655,58217899,303547,2.16,64.76,3.34,193
2021-06-14,176327422,3816157,114340429,58170836,307573,2.16,64.85,3.34,193
2021-06-15,176698639,3826731,114800574,58071334,371217,2.17,64.97,3.33,193
2021-06-16,177097297,3837057,115149801,58110439,398658,2.17,65.02,3.33,193
2021-06-17,177489790,3846325,115530279,58113186,392493,2.17,65.09,3.33,193
2021-06-18,177896496,3855540,115849842,58191114,406706,2.17,65.12,3.33,193
2021-06-19,178245852,3863714,116181692,58200446,349356,2.17,65.18,3.33,194
2021-06-20,178548159,3870459,116446786,58230914,302307,2.17,65.22,3.32,194
2021-06-21,178841964,3877323,116804004,58160637,293805,2.17,65.31,3.32,194
2021-06-22,179213662,3886298,117107408,58219956,371698,2.17,65.35,3.32,194
2021-06-23,179651317,3895813,117507151,58248353,437655,2.17,65.41,3.32,194
2021-06-24,180056321,3904435,117796862,58355024,405004,2.17,65.42,3.31,194
2021-06-25,180478174,3913641,118125509,58439024,421853,2.17,65.45,3.31,194
2021-06-26,180844163,3921186,118420068,58502909,365989,2.17,65.48,3.31,194
2021-06-27,181155539,3927289,118678807,58549443,311376,2.17,65.51,3.31,194
2021-06-28,181484011,3933785,119006263,58543963,328472,2.17,65.57,3.31,194
2021-06-29,181863581,3941894,119299679,58622008,379570,2.17,65.6,3.3,194
2021-06-30,182260584,3951072,119580620,58728892,397026,2.17,65.61,3.3,194
2021-07-01,182701231,3959763,120008476,58732992,440647,2.17,65.69,3.3,194
2021-07-02,183142589,3968082,120299518,58874989,441358,2.17,65.69,3.3,194
2021-07-03,183519248,3974986,120569293,58974969,376659,2.17,65.7,3.3,194
2021-07-04,183847685,3981657,120868181,58997847,328437,2.17,65.74,3.29,194
2021-07-05,184217262,3988871,121235174,58993217,369577,2.17,65.81,3.29,194
2021-07-06,184670382,3997444,121563017,59109921,453120,2.16,65.83,3.29,194
2021-07-07,185134260,4006000,121831180,59297080,463878,2.16,65.81,3.29,194
2021-07-08,185614719,4014854,122123831,59476034,480459,2.16,65.79,3.29,194
2021-07-09,186122260,4023297,122462949,59636014,507541,2.16,65.8,3.29,194
2021-07-10,186549257,4029977,122907153,59612127,426997,2.16,65.88,3.28,194
2021-07-11,186919306,4037527,123197639,59684140,370049,2.16,65.91,3.28,194
2021-07-12,187356013,4045592,123499875,59810546,436707,2.16,65.92,3.28,194
2021-07-13,187876092,4053926,123783322,60038844,520079,2.16,65.89,3.28,194
2021-07-14,188417178,4062569,124113063,60241546,541086,2.16,65.87,3.27,194
2021-07-15,188989407,4071065,124394119,60524223,572229,2.15,65.82,3.27,194
2021-07-16,189587868,4079831,124784824,60723213,598461,2.15,65.82,3.27,194
2021-07-17,190061656,4086922,125065613,60909121,473788,2.15,65.8,3.27,194
2021-07-18,190491864,4093986,125382096,61015782,430208,2.15,65.82,3.27,194
2021-07-19,190987587,4101064,125688817,61197706,495723,2.15,65.81,3.26,194
2021-07-20,191518721,4121821,126008997,61387903,531134,2.15,65.79,3.27,194
2021-07-21,192077320,4130514,126315580,61631226,558599,2.15,65.76,3.27,194
2021-07-22,192641772,4139314,126671708,61830750,564452,2.15,65.76,3.27,194
2021-07-23,193332440,4147064,126918098,62267278,690668,2.15,65.65,3.27,194
2021-07-24,193804293,4156317,127435324,62212652,531229,2.14,65.75,3.26,194
2021-07-25,194248029,4163594,127762741,62321694,443736,2.14,65.77,3.26,194
2021-07-26,194788932,4171389,128063201,62554342,540903,2.14,65.74,3.26,194
2021-07-27,195398803,4181261,128409040,62808502,609871,2.14,65.72,3.26,194
2021-07-28,196042768,4191502,128745703,63105563,643965,2.14,65.67,3.26,194
2021-07-29,196695674,4202335,129094091,63399248,652906,2.14,65.63,3.26,194
2021-07-30,197426769,4211996,129401282,63813491,731095,2.13,65.54,3.25,194
2021-07-31,197935834,4220757,129705211,64009866,509065,2.13,65.53,3.25,194
2021-08-01,198415737,4228028,129994389,64193320,479903,2.13,65.52,3.25,194
2021-08-02,198994436,4236046,130277533,64480857,578699,2.13,65.47,3.25,194
2021-08-03,199631416,4246398,130582001,64803017,636980,2.13,65.41,3.25,194
2021-08-04,200306760,4256986,130899061,65150713,675344,2.13,65.35,3.25,194
2021-08-05,200995416,4267976,0,196727440,688656,2.12,0.0,inf,194
2021-08-06,201816553,4278557,0,197537996,821137,2.12,0.0,inf,194
2021-08-07,202366482,4287161,0,198079321,549929,2.12,0.0,inf,194
2021-08-08,202806348,4294627,0,198511721,439866,2.12,0.0,inf,194
2021-08-09,203462436,4303268,0,199159168,656088,2.12,0.0,inf,194
2021-08-10,204110789,4315240,0,199795549,648353,2.11,0.0,inf,194
2021-08-11,204838738,4325233,0,200513505,727949,2.11,0.0,inf,194
2021-08-12,205549117,4335895,0,201213222,710379,2.11,0.0,inf,194
2021-08-13,206354642,4346388,0,202008254,805525,2.11,0.0,inf,194
2021-08-14,206887833,4355075,0,202532758,533191,2.11,0.0,inf,194
2021-08-15,207351266,4362324,0,202988942,463433,2.1,0.0,inf,194
2021-08-16,208030616,4372158,0,203658458,679350,2.1,0.0,inf,194
2021-08-17,208712751,4382896,0,204329855,682135,2.1,0.0,inf,194
2021-08-18,209440893,4393738,0,205047155,728142,2.1,0.0,inf,194
2021-08-19,210156065,4405198,0,205750867,715172,2.1,0.0,inf,194
2021-08-20,210945893,4415680,0,206530213,789828,2.09,0.0,inf,194
2021-08-21,211485172,4424595,0,207060577,539279,2.09,0.0,inf,194
2021-08-22,211931141,4432258,0,207498883,445969,2.09,0.0,inf,195
2021-08-23,212636357,4442300,0,208194057,705216,2.09,0.0,inf,195
2021-08-24,213322762,4453376,0,208869386,686405,2.09,0.0,inf,195
2021-08-25,214053153,4464738,0,209588415,730391,2.09,0.0,inf,195
2021-08-26,214788717,4476401,0,210312316,735564,2.08,0.0,inf,195
2021-08-27,215533601,4486652,0,211046949,744884,2.08,0.0,inf,195
2021-08-28,216080053,4495095,0,211584958,546452,2.08,0.0,inf,195
2021-08-29,216526448,4501851,0,212024597,446395,2.08,0.0,inf,195
2021-08-30,217213683,4511374,0,212702309,687235,2.08,0.0,inf,195
2021-08-31,217832275,4520427,0,213311848,618592,2.08,0.0,inf,195
2021-09-01,218559166,4532922,0,214026244,726891,2.07,0.0,inf,195
2021-09-02,219236946,4544145,0,214692801,679487,2.07,0.0,inf,195
2021-09-03,219954091,4554810,0,215399281,717145,2.07,0.0,inf,195
2021-09-04,220442990,4562569,0,215880421,488899,2.07,0.0,inf,195
2021-09-05,220869838,4569071,0,216300767,427898,2.07,0.0,inf,195
2021-09-06,221307511,4577012,0,216730499,437686,2.07,0.0,inf,195
2021-09-07,222044446,4587494,0,217456952,736935,2.07,0.0,inf,195
2021-09-08,222675101,4597504,0,218077597,630655,2.06,0.0,inf,195
2021-09-09,223312221,4608249,0,218703972,637120,2.06,0.0,inf,195
2021-09-10,223945457,4617360,0,219328097,633236,2.06,0.0,inf,195
2021-09-11,224396922,4625672,0,219771250,451465,2.06,0.0,inf,195
2021-09-12,224761080,4631182,0,220129898,364158,2.06,0.0,inf,195
2021-09-13,225370947,4640233,0,220730714,609867,2.06,0.0,inf,195
2021-09-14,225920668,4650031,0,221270637,549721,2.06,0.0,inf,195
2021-09-15,226488898,4660408,0,221828490,569406,2.06,0.0,inf,195
2021-09-16,227063460,4670853,0,222392607,574562,2.06,0.0,inf,195
2021-09-17,227656661,4679471,0,222977190,593201,2.06,0.0,inf,195
2021-09-18,228189508,4686176,0,223503332,532847,2.05,0.0,inf,195
2021-09-19,228546881,4692196,0,223854685,357373,2.05,0.0,inf,195
2021-09-20,229088328,4700354,0,224387974,541447,2.05,0.0,inf,195
2021-09-21,229556489,4709325,0,224847164,468734,2.05,0.0,inf,195
2021-09-22,230093745,4719402,0,225374343,537256,2.05,0.0,inf,195
2021-09-23,230604728,4729076,0,225875652,510983,2.05,0.0,inf,195
2021-09-24,231152493,4737904,0,226414589,547765,2.05,0.0,inf,195
2021-09-25,231515976,4743196,0,226772780,363606,2.05,0.0,inf,195
